book_id,original_title,original_author,matched_book_title,matched_seq_name,matched_first_name,matched_last_name,relevance_title,relevance_author
555649,Берсерк забытого клана. Руссия магов,Алекс Нагорный,Руссия магов,Берсерк забытого клана,Алекс,Нагорный,78.673157,22.410038
680599,Зверь,Алексей Калинин,Зверь. Том 1,Зверь [Калинин],Алексей,Калинин,21.416006,15.845385
555650,Берсерк забытого клана. Архидемоны и маги,Алекс Нагорный,Архидемоны и маги,Берсерк забытого клана,Алекс,Нагорный,78.776894,22.410038
555651,Берсерк забытого клана. Элементаль,Алекс Нагорный,Элементаль,Берсерк забытого клана,Алекс,Нагорный,61.532337,22.410038
555649,Берсерк забытого клана. Руссия магов,Алекс Нагорный,Руссия магов,Берсерк забытого клана,Алекс,Нагорный,78.673157,22.410038
699883,Смертник из рода Валевских. Книга 6,Василий Маханенко,Смертник из рода Валевских #01,Смертник из рода Валевских,Василий,Маханенко,99.631706,19.306141
695081,Крылья Мальгуса. Ступень вторая,Инди Видум,Ступень вторая,Крылья Мальгуса,Инди,Видум,53.971489,46.697304
681607,Крылья Мальгуса. Падение,Инди Видум,Падение,Крылья Мальгуса,Инди,Видум,41.612377,46.697304
563444,Берсерк забытого клана. Рекруты Магов Руссии,Алекс Нагорный,Рекруты магов Руссии,Берсерк забытого клана,Алекс,Нагорный,103.455353,22.410038
692902,Слово и чистота: Излом,Александр Зайцев,Слово и Чистота: Излом,Слово и Чистота,Александр,Зайцев,70.871292,13.190813
566237,Легион уходит в бой,Алекс Нагорный,Легион уходит в бой,Звездный спринт,Алекс,Нагорный,35.934303,22.410038
739497,Дельта. Книга 7. Пожиратель,Борис Романовский,Дельта. Том VII: Пожиратель,Владислав Ли-Вавилонский,Борис,Романовский,31.244942,17.721699
719602,Одарённый. Книга 3. Адъютант,Тим Волков,Бояръ-Аниме. Одаренный: адъютант,Ай да Пушкин!,Тим,Волков,35.411152,18.005241
699883,Смертник из рода Валевских. Книга 5,Василий Маханенко,Смертник из рода Валевских #01,Смертник из рода Валевских,Василий,Маханенко,99.631706,19.306141
622817,Менталист. Аннигиляция,Андрей Еслер,Менталист. Аннигиляция,Выиграть у времени,Андрей,Еслер,40.869411,21.645784
645265,Бандит-6. Король,Евгений Щепетнов,Бандит,Петр Синельников,Евгений,Щепетнов,19.345823,15.114223
699883,Смертник из рода Валевских. Книга 3,Василий Маханенко,Смертник из рода Валевских #01,Смертник из рода Валевских,Василий,Маханенко,99.631706,19.306141
719602,Одарённый. Книга 5. Гранд,Тим Волков,Бояръ-Аниме. Одаренный: адъютант,Ай да Пушкин!,Тим,Волков,18.622803,18.005241
647401,Я покорю Лабиринт с помощью техник массажа. Книга 7,Андрей Ткачев,Я покорю Лабиринт с помощью техник массажа. Том 2,Божественные Лабиринты,Андрей,Ткачев,70.318146,16.129101
600578,Берсерк забытого клана. Обратная сторона Войны,Алекс Нагорный,Обратная сторона войны,Берсерк забытого клана,Алекс,Нагорный,65.288467,22.410038
590866,Берсерк забытого клана. Боги и Демоны Захребетья,Алекс Нагорный,Боги и демоны Захребетья,Берсерк забытого клана,Алекс,Нагорный,83.409462,22.410038
699883,Смертник из рода Валевских. Книга 5,Василий Маханенко,Смертник из рода Валевских #01,Смертник из рода Валевских,Василий,Маханенко,99.631706,19.306141
682151,Возрождение Феникса. Книга 7,Григорий Володин,Возрождение Феникса. Том 2,Возрождение Феникса,Григорий,Володин,47.133778,23.516369
725501,Коллекционер душ. Книга 1,Михаил Липарк,Коллекционер душ. Книга 1,"Короче, я попал!",Михаил,Липарк,28.560061,23.756477
660993,Берсерк забытого клана. Тени забытых пророчеств,Алекс Нагорный,Тени забытых пророчеств,Берсерк забытого клана,Алекс,Нагорный,78.544273,22.410038
725501,Коллекционер душ. Книга 4,Михаил Липарк,Коллекционер душ. Книга 1,"Короче, я попал!",Михаил,Липарк,28.560061,23.756477
587910,Берсерк забытого клана. Тайна Одинокого Бастиона,Алекс Нагорный,Тайна Одинокого бастиона,Берсерк забытого клана,Алекс,Нагорный,81.819031,22.410038
577811,Берсерк забытого клана. Рунические войны Захребетья,Алекс Нагорный,Рунические войны Захребетья,Берсерк забытого клана,Алекс,Нагорный,94.795769,22.410038
590866,Берсерк забытого клана. Боги и Демоны Захребетья,Алекс Нагорный,Боги и демоны Захребетья,Берсерк забытого клана,Алекс,Нагорный,83.409462,22.410038
693940,Тень Ворона,Сергей Орлов,Тень Ворона,Месть Чернокрылого,Сергей,Орлов,17.812212,11.175253
747471,Цитадели гордыни. Клинок клана,Алекс Каменев,Клинок клана,Цитадели гордыни,Алекс,Каменев,61.396904,20.23402
699883,Смертник из рода Валевских. Книга 4,Василий Маханенко,Смертник из рода Валевских #01,Смертник из рода Валевских,Василий,Маханенко,99.631706,19.306141
720938,Одарённый. Книга 1. Ученик,Тим Волков,Бояръ-Аниме. Одаренный: ученик,Ай да Пушкин!,Тим,Волков,28.347431,18.005241
659302,Берсерк забытого клана. Варлоды и Школа Берсерка,Алекс Нагорный,Варлоды и Школа Берсерка,Берсерк забытого клана,Алекс,Нагорный,95.041077,22.410038
635709,Берсерк забытого клана. Тернии Великого Разлома,Алекс Нагорный,Тернии Великого разлома,Берсерк забытого клана,Алекс,Нагорный,77.309021,22.410038
682151,Возрождение Феникса. Книга 2,Григорий Володин,Возрождение Феникса. Том 2,Возрождение Феникса,Григорий,Володин,47.133778,23.516369
747471,Цитадели гордыни. Клинок клана,Алекс Каменев,Клинок клана,Цитадели гордыни,Алекс,Каменев,61.396904,20.23402
633691,Берсерк забытого клана. Держава Владыки,Алекс Нагорный,Держава Владыки,Берсерк забытого клана,Алекс,Нагорный,67.078117,22.410038
643232,Берсерк забытого клана. Стезя судьбы,Алекс Нагорный,Стезя судьбы,Берсерк забытого клана,Алекс,Нагорный,64.821342,22.410038
600578,Берсерк забытого клана. Обратная сторона Войны,Алекс Нагорный,Обратная сторона войны,Берсерк забытого клана,Алекс,Нагорный,65.288467,22.410038
613702,Иностранец. Друзья и враги,Игорь Шелег,Друзья и враги,Иностранец,Игорь,Шелег,38.937302,19.306835
633691,Берсерк забытого клана. Держава Владыки,Алекс Нагорный,Держава Владыки,Берсерк забытого клана,Алекс,Нагорный,67.078117,22.410038
750497,Менталист. Эмансипация,Андрей Еслер,Менталист. Эмансипация,Современный фантастический боевик,Андрей,Еслер,44.560978,21.645784
637411,Цитадели гордыни. Воплощение стихии,Алекс Каменев,Воплощение стихии,Цитадели гордыни,Алекс,Каменев,71.500847,20.23402
598274,Берсерк забытого клана. Маги Аномалии Разлома,Алекс Нагорный,Маги аномалии Разлома,Берсерк забытого клана,Алекс,Нагорный,85.614624,22.410038
682151,Возрождение Феникса. Книга 5,Григорий Володин,Возрождение Феникса. Том 2,Возрождение Феникса,Григорий,Володин,47.133778,23.516369
606138,Берсерк забытого клана. Фракталы потерянных душ,Алекс Нагорный,Фракталы потерянных душ,Берсерк забытого клана,Алекс,Нагорный,91.16156,22.410038
606138,"Книга тринадцатая. Берсерк забытого клана. Фракталы
          потерянных душ",Алекс Нагорный,Фракталы потерянных душ,Берсерк забытого клана,Алекс,Нагорный,91.16156,22.410038
637411,Цитадели гордыни. Воплощение стихии,Алекс Каменев,Воплощение стихии,Цитадели гордыни,Алекс,Каменев,71.500847,20.23402
585626,Берсерк забытого клана. Холод и тьма Порубежья,Алекс Нагорный,Холод и тьма Порубежья,Берсерк забытого клана,Алекс,Нагорный,84.78891,22.410038
577811,Берсерк забытого клана. Рунические войны Захребетья,Алекс Нагорный,Рунические войны Захребетья,Берсерк забытого клана,Алекс,Нагорный,94.795769,22.410038
382627,Где-то там…,Константин Муравьёв,Где-то там...,Миры за гранью [= Где-то там],Константин,Муравьев,31.514614,15.929102
698483,Князь Демидов. Книга 1,Евгений Бергер,Князь Демидов #01-02,Князь Демидов,Евгений,Бергер,56.886467,18.128746
617078,Ботаник,Евгений Щепетнов,Ботаник,Ботаник,Евгений,Щепетнов,41.645569,15.114223
659302,Берсерк забытого клана. Варлоды и Школа Берсерка,Алекс Нагорный,Варлоды и Школа Берсерка,Берсерк забытого клана,Алекс,Нагорный,95.041077,22.410038
598274,Берсерк забытого клана. Маги Аномалии Разлома,Алекс Нагорный,Маги аномалии Разлома,Берсерк забытого клана,Алекс,Нагорный,85.614624,22.410038
679837,Сильнейший ученик. Книга 1,Андрей Ткачев,Сильнейший ученик. Том 1,Пробуждение крови,Андрей,Ткачев,30.254719,16.129101
738192,Разлом. Книга первая,Дмитрий Найденов,Разлом. Мир меча и магии 2. Книга девятая,Разлом,Дмитрий,Найденов,34.015881,20.626951
617078,Ботаник. Поводырь,Евгений Щепетнов,Ботаник,Ботаник,Евгений,Щепетнов,41.645569,15.114223
676715,Щит рода,Мелина Боярова,Щит рода,Талисман для князя,Мелина,Боярова,21.935326,34.846371
617078,Ботаник. Изгой,Евгений Щепетнов,Ботаник,Ботаник,Евгений,Щепетнов,41.645569,15.114223
680459,Гнев Империи. Книга 4,Findroid,Гнев Империи I,Мир Стремлений. Гнев,Антон,Агафонов,31.593475,15.625153
394504,Город древних,Константин Муравьёв,Город древних,Попаданцы - боевик,Константин,Муравьев,14.81008,15.929102
642242,Оружейный Барон,Сергей Полев,Оружейный барон,Оружейный Барон,Сергей,Полев,65.411751,22.305031
681315,Дельта. Книга 1. Вернувшийся из будущего,Борис Романовский,Дельта. Вернувшийся из будущего,Владислав Ли-Вавилонский,Борис,Романовский,44.263702,17.721699
692812,Дельта. Книга 3. Создающий будущее,Борис Романовский,Дельта. Том III: Создающий будущее,Владислав Ли-Вавилонский,Борис,Романовский,58.255375,17.721699
418987,Нейтральные миры,Константин Муравьёв,Нейтральные миры,Миры Содружества (Вселенная EVE-online),Константин,Муравьев,33.511597,15.929102
647401,Я покорю Лабиринт с помощью техник массажа. Книга 1,Андрей Ткачев,Я покорю Лабиринт с помощью техник массажа. Том 2,Божественные Лабиринты,Андрей,Ткачев,70.318146,16.129101
713085,Гиблые земли,Юрий Уленгов,Гиблые земли,Дэймон Старк,Юрий,Уленгов,35.44368,19.016714
693940,Тень Ворона – 2,Сергей Орлов,Тень Ворона,Месть Чернокрылого,Сергей,Орлов,17.812212,11.175253
713913,Дельта. Книга 6. Нижний Мир,Борис Романовский,Дельта. Том VI: Нижний Мир,Владислав Ли-Вавилонский,Борис,Романовский,38.113674,17.721699
634386,Боярская честь. Грани чести,Иван Щукин,Грани чести,Жизни архимага,Иван,Щукин,21.346828,19.599289
713912,Дельта. Книга 5. Новое будущее,Борис Романовский,Дельта. Том V: Новое Будущее,Владислав Ли-Вавилонский,Борис,Романовский,34.952576,17.721699
693940,Тень Ворона – 3,Сергей Орлов,Тень Ворона,Месть Чернокрылого,Сергей,Орлов,17.812212,11.175253
713085,Гиблые земли,Юрий Уленгов,Гиблые земли,Дэймон Старк,Юрий,Уленгов,35.44368,19.016714
578004,Иностранец,Игорь Шелег,Иностранец,Иностранец,Игорь,Шелег,38.691647,19.306835
578004,Иностранец,Игорь Шелег,Иностранец,Иностранец,Игорь,Шелег,38.691647,19.306835
626197,Якудза из другого мира 3,Алексей Калинин,Якудза из другого мира. Том II,Якудза из другого мира,Алексей,Калинин,71.486389,15.845385
600900,Менталист. Конфонтация,Андрей Еслер,Менталист. Конфронтация,Выиграть у времени,Андрей,Еслер,17.52076,21.645784
682702,Дельта. Книга 2. Меняющий будущее,Борис Романовский,Дельта. Том  II: Меняющий будущее,Владислав Ли-Вавилонский,Борис,Романовский,41.062775,17.721699
571283,Камень. Книга седьмая,Станислав Минин,Камень. Книга 2,Камень,Станислав,Минин,20.662531,23.96867
671398,Талисман для князя. Глава рода,Мелина Боярова,Глава рода,Талисман для князя,Мелина,Боярова,46.059975,34.846371
698148,Дельта. Книга 4. Без будущего,Борис Романовский,Дельта. Том IV: Без будущего,Владислав Ли-Вавилонский,Борис,Романовский,30.131062,17.721699
641269,Иностранец. Тернистый путь,Игорь Шелег,Тернистый путь,Иностранец,Игорь,Шелег,41.629532,19.306835
645318,Оружейный барон. Том 2,Сергей Полев,Оружейный барон. Том 2,Оружейный Барон,Сергей,Полев,67.572945,22.305031
585626,Берсерк забытого клана. Холод и тьма Порубежья,Алекс Нагорный,Холод и тьма Порубежья,Берсерк забытого клана,Алекс,Нагорный,84.78891,22.410038
645318,Оружейный барон. Том 3,Сергей Полев,Оружейный барон. Том 2,Оружейный Барон,Сергей,Полев,67.572945,22.305031
729087,Иностранец. Бои без правил,Игорь Шелег,Бои без правил,Иностранец,Игорь,Шелег,50.044342,19.306835
712955,Край вечных вулканов,Юрий Уленгов,Край вечных вулканов,Дэймон Старк,Юрий,Уленгов,56.274529,19.016714
571283,Камень. Книга восьмая,Станислав Минин,Камень. Книга 2,Камень,Станислав,Минин,20.662531,23.96867
571283,Камень. Книга девятая,Станислав Минин,Камень. Книга 2,Камень,Станислав,Минин,20.662531,23.96867
693339,"Не наследник, которому по…",Александр Курзанцев,"Не наследник, которому по…","Тот, которому по...",Александр,Курзанцев,45.974808,20.599073
571283,Камень. Книга шестая,Станислав Минин,Камень. Книга 2,Камень,Станислав,Минин,20.662531,23.96867
382627,Где-то там…,Константин Муравьёв,Где-то там...,Миры за гранью [= Где-то там],Константин,Муравьев,31.514614,15.929102
739147,Воздушные фрегаты. Пилот,Антон Перунов,Пилот,Воздушные фрегаты,Антон,Перунов,46.925526,23.428717
636893,Сам себе клан,Сергей Мусаниф,Сам себе клан,Сам себе цикл,Сергей,Мусаниф,39.816902,17.264442
394504,Город древних,Константин Муравьёв,Город древних,Попаданцы - боевик,Константин,Муравьев,14.81008,15.929102
693339,"Наследник, которому по…",Александр Курзанцев,"Не наследник, которому по…","Тот, которому по...",Александр,Курзанцев,45.974808,20.599073
700684,Разлом. Столичный мажор. Книга пятая,Дмитрий Найденов,Столичный мажор. Книга пятая,Разлом,Дмитрий,Найденов,66.243896,20.626951
726421,Разлом. Вторжение. Книга седьмая,Дмитрий Найденов,Вторжение. Книга седьмая,Разлом,Дмитрий,Найденов,42.518959,20.626951
725945,Разлом. Академия. Книга шестая,Дмитрий Найденов,Академия. Книга шестая,Разлом,Дмитрий,Найденов,39.110321,20.626951
726422,Разлом. Мир меча и магии. Книга восьмая,Дмитрий Найденов,Мир меча и магии. Книга восьмая,Разлом,Дмитрий,Найденов,56.721989,20.626951
714749,Талисман для князя. Книга 4. Хо`шен императора,Мелина Боярова,Хо`шен императора,Талисман для князя,Мелина,Боярова,58.777294,34.846371
651370,Стреломант. Книга 1,Эл Лекс,Стреломант 2,Стреломант,Эл,Лекс,48.000225,17.405519
741525,Антимаг. Древние,Александр и Евгения Гедеон,Антимаг,Антимаг (Гедеон),Александр,Гедеон,38.691647,18.831488
561848,Сокрушая великих. Книга 1,Денис Деев,Новые Похождения Великих Ежей! (СИ),Дневники [Куприянов],Денис,Куприянов,7.737965,8.048775
679837,Сильнейший ученик. Книга 3,Андрей Ткачев,Сильнейший ученик. Том 1,Пробуждение крови,Андрей,Ткачев,30.254719,16.129101
720939,Одарённый. Книга 2. Кадет,Тим Волков,Бояръ-Аниме. Одаренный: кадет,Ай да Пушкин!,Тим,Волков,39.445587,18.005241
739147,Воздушные фрегаты. Пилот,Антон Перунов,Пилот,Воздушные фрегаты,Антон,Перунов,46.925526,23.428717
708321,Игрушка для дракона,Евгений Щепетнов,Игрушка для дракона,Мир драконов,Евгений,Щепетнов,21.970863,15.114223
698483,Князь Демидов. Книга 2,Евгений Бергер,Князь Демидов #01-02,Князь Демидов,Евгений,Бергер,56.886467,18.128746
644820,БЕСсильный чемпион,Григорий Володин,Бессильный чемпион. Тома 1 и 2,Гроза ада,Григорий,Володин,37.20369,23.516369
723081,Воздушные фрегаты. Юнга,Антон Перунов,Юнга,Воздушные фрегаты,Антон,Перунов,53.325005,23.428717
525849,Скайвэй. Книга 1,Алекс Нагорный,Скайвэй,Изгои звёздной Империи,Алекс,Нагорный,32.229946,22.410038
608919,Менталист. Революция,Андрей Еслер,Менталист. Революция,Выиграть у времени,Андрей,Еслер,28.004169,21.645784
613702,Иностранец. Друзья и враги,Игорь Шелег,Друзья и враги,Иностранец,Игорь,Шелег,38.937302,19.306835
651370,Стреломант. Книга 3,Эл Лекс,Стреломант 2,Стреломант,Эл,Лекс,48.000225,17.405519
578004,Иностранец. Становление,Игорь Шелег,Иностранец,Иностранец,Игорь,Шелег,38.691647,19.306835
578004,Иностранец. Возвращение домой,Игорь Шелег,Иностранец,Иностранец,Игорь,Шелег,38.691647,19.306835
651370,Стреломант. Книга 4,Эл Лекс,Стреломант 2,Стреломант,Эл,Лекс,48.000225,17.405519
733787,Искусство взрывать. Книга 1,Сергей Савинов,Искусство взрывать. Книга вторая,Осколки тьмы (Емельянов),Сергей,Савинов,35.824234,16.464697
578004,Иностранец. Тайные игры,Игорь Шелег,Иностранец,Иностранец,Игорь,Шелег,38.691647,19.306835
651370,Стреломант. Книга 5,Эл Лекс,Стреломант 2,Стреломант,Эл,Лекс,48.000225,17.405519
578004,Иностранец (Сборник),Игорь Шелег,Иностранец,Иностранец,Игорь,Шелег,38.691647,19.306835
471218,Клан у пропасти,Николай Метельский,Клан у пропасти (СИ),Бояръ-аниме,Николай,Метельский,27.128273,17.891289
646308,Инструктор,Ян Бадевский,Инструктор,Корректировщик (Бадевский),Ян,Бадевский,17.52076,18.166084
587910,Берсерк забытого клана. Тайна Одинокого Бастиона,Алекс Нагорный,Тайна Одинокого бастиона,Берсерк забытого клана,Алекс,Нагорный,81.819031,22.410038
673165,Ари Ками. Книга 1,Александр Гаврилов,Ари Ками,Ари Ками,Александр,Гаврилов,93.79541,15.75429
723081,Воздушные фрегаты. Юнга,Антон Перунов,Юнга,Воздушные фрегаты,Антон,Перунов,53.325005,23.428717
493570,Каракал,Владимир Матвеев,Каракал,Бояръ-аниме,Владимир,Матвеев,28.902584,15.260057
526781,Еретик,Алекс Нагорный,Еретик,Кронпринц мятежной галактики,Алекс,Нагорный,16.981321,22.410038
725501,Коллекционер душ. Книга 3,Михаил Липарк,Коллекционер душ. Книга 1,"Короче, я попал!",Михаил,Липарк,28.560061,23.756477
733787,Искусство взрывать. Книга 2,Сергей Савинов,Искусство взрывать. Книга вторая,Осколки тьмы (Емельянов),Сергей,Савинов,35.824234,16.464697
566238,Падение в небо,Алекс Нагорный,Падение в небо,Звездный спринт,Алекс,Нагорный,18.540462,22.410038
511016,Неон. Первые шаги. Книга первая,Алекс Нагорный,Новейший Свет. Ингвар: первые шаги (СИ),Новейший Свет. Ингвар,Алекс,Бадинтер,18.906221,6.514297
682151,Возрождение Феникса. Книга 3,Григорий Володин,Возрождение Феникса. Том 2,Возрождение Феникса,Григорий,Володин,47.133778,23.516369
578004,Иностранец. Становление,Игорь Шелег,Иностранец,Иностранец,Игорь,Шелег,38.691647,19.306835
682151,Возрождение Феникса. Книга 4,Григорий Володин,Возрождение Феникса. Том 2,Возрождение Феникса,Григорий,Володин,47.133778,23.516369
643232,Берсерк забытого клана. Стезя судьбы,Алекс Нагорный,Стезя судьбы,Берсерк забытого клана,Алекс,Нагорный,64.821342,22.410038
635709,Берсерк забытого клана. Тернии Великого Разлома,Алекс Нагорный,Тернии Великого разлома,Берсерк забытого клана,Алекс,Нагорный,77.309021,22.410038
521712,Слово и Чистота. Проекция,Александр Зайцев,Слово и Чистота: Проекция,Слово и Чистота,Александр,Зайцев,83.58493,13.190813
617078,Ботаник,Евгений Щепетнов,Ботаник,Ботаник,Евгений,Щепетнов,41.645569,15.114223
566237,Легион уходит в бой,Алекс Нагорный,Легион уходит в бой,Звездный спринт,Алекс,Нагорный,35.934303,22.410038
578004,Иностранец. Тайные игры,Игорь Шелег,Иностранец,Иностранец,Игорь,Шелег,38.691647,19.306835
525849,Скайвэй. Книга 1,Алекс Нагорный,Скайвэй,Изгои звёздной Империи,Алекс,Нагорный,32.229946,22.410038
714663,Надежда рода,Мелина Боярова,Надежда рода,Талисман для князя,Мелина,Боярова,20.298691,34.846371
525849,Скайвэй. Книга 2. Скайтайм,Алекс Нагорный,Скайвэй,Изгои звёздной Империи,Алекс,Нагорный,32.229946,22.410038
687368,Дух воина,Марианна Красовская,Дух воина,Романтическая фантастика,Марианна,Красовская,23.785748,27.774517
552267,Нейрокомандор. Книга 1. Пси-Фактор. Адепты с Земли,Алекс Нагорный,Нейрокомандор. Книга 1. Пси-Фактор. Адепты с Земли,Изгои звёздной Империи,Алекс,Нагорный,85.890831,22.410038
615243,Клан заката. Наследник,Михаил Тихонов,Отшельники. Клан Заката. Книга первая. Приемыш,Империя Отшельника,Михаил,Тихонов,24.261337,14.6099
578004,Иностранец. Возвращение домой,Игорь Шелег,Иностранец,Иностранец,Игорь,Шелег,38.691647,19.306835
693940,Тень Ворона – 4,Сергей Орлов,Тень Ворона,Месть Чернокрылого,Сергей,Орлов,17.812212,11.175253
571283,Камень,Станислав Минин,Камень. Книга 2,Камень,Станислав,Минин,18.161657,23.96867
617078,Ботаник. Изгой,Евгений Щепетнов,Ботаник,Ботаник,Евгений,Щепетнов,41.645569,15.114223
641269,Иностранец. Тернистый путь,Игорь Шелег,Тернистый путь,Иностранец,Игорь,Шелег,41.629532,19.306835
566249,Последняя схватка,Алекс Нагорный,Последняя схватка,Звездный спринт,Алекс,Нагорный,21.165604,22.410038
617078,Ботаник. Поводырь,Евгений Щепетнов,Ботаник,Ботаник,Евгений,Щепетнов,41.645569,15.114223
693940,Тень Ворона – 5,Сергей Орлов,Тень Ворона,Месть Чернокрылого,Сергей,Орлов,17.812212,11.175253
660993,Берсерк забытого клана. Тени забытых пророчеств,Алекс Нагорный,Тени забытых пророчеств,Берсерк забытого клана,Алекс,Нагорный,78.544273,22.410038
681608,Крылья Мальгуса. Ступень первая,Инди Видум,Ступень первая,Крылья Мальгуса,Инди,Видум,53.522221,46.697304
612916,Древо. Пожиратель,Андрей Рымин,Древо I. Пожиратель,Попаданцы - фэнтези,Андрей,Рымин,27.916794,23.03091
619932,Смерть может танцевать,Макс Вальтер,Смерть может танцевать 2,Безликий (Вальтер),Макс,Вальтер,36.987267,18.836063
525849,Изгои звездной империи,Алекс Нагорный,Скайвэй,Изгои звёздной Империи,Алекс,Нагорный,39.758991,22.410038
612916,Древо. Пожиратель,Андрей Рымин,Древо I. Пожиратель,Попаданцы - фэнтези,Андрей,Рымин,27.916794,23.03091
571283,Камень. Книга третья,Станислав Минин,Камень. Книга 2,Камень,Станислав,Минин,20.662531,23.96867
571283,Камень. Книга четвертая,Станислав Минин,Камень. Книга 2,Камень,Станислав,Минин,20.662531,23.96867
526781,Кронпринц мятежной галактики 1. Скайфай,Алекс Нагорный,Еретик,Кронпринц мятежной галактики,Алекс,Нагорный,55.056068,22.410038
706700,Книжник. Книга 1,Константин Назимов,Книжник,Книжник,Константин,Борисов-Назимов,43.75132,19.971073
626197,Якудза из другого мира 2,Алексей Калинин,Якудза из другого мира. Том II,Якудза из другого мира,Алексей,Калинин,71.486389,15.845385
571283,Камень. Книга пятая,Станислав Минин,Камень. Книга 2,Камень,Станислав,Минин,20.662531,23.96867
730513,Непробиваемый. Книга 1,Евгений Пожидаев,Непробиваемый I,Энергия,Евгений,Пожидаев,22.305782,24.582491
695785,Путь чести,Иван Щукин,Путь чести,Жизни архимага,Иван,Щукин,16.886883,19.599289
582699,Костер в ночи,Василий Криптонов,Костёр в ночи,Попаданцы - фэнтези,Василий,Криптонов,21.148985,20.213428
634386,Боярская честь. Грани чести,Иван Щукин,Грани чести,Жизни архимага,Иван,Щукин,21.346828,19.599289
693339,"Не наследник, которому по…",Александр Курзанцев,"Не наследник, которому по…","Тот, которому по...",Александр,Курзанцев,45.974808,20.599073
561848,Сокрушая великих. Книга 1,Денис Деев,Новые Похождения Великих Ежей! (СИ),Дневники [Куприянов],Денис,Куприянов,7.737965,8.048775
418987,Нейтральные миры,Константин Муравьёв,Нейтральные миры,Миры Содружества (Вселенная EVE-online),Константин,Муравьев,33.511597,15.929102
571283,Камень. Книга вторая,Станислав Минин,Камень. Книга 2,Камень,Станислав,Минин,20.662531,23.96867
626197,Якудза из другого мира,Алексей Калинин,Якудза из другого мира. Том II,Якудза из другого мира,Алексей,Калинин,71.486389,15.845385
699883,Смертник из рода Валевских. Книга 1,Василий Маханенко,Смертник из рода Валевских #01,Смертник из рода Валевских,Василий,Маханенко,99.631706,19.306141
645318,Оружейный барон. Том 4,Сергей Полев,Оружейный барон. Том 2,Оружейный Барон,Сергей,Полев,67.572945,22.305031
647401,Я покорю Лабиринт с помощью техник массажа. Книга 6,Андрей Ткачев,Я покорю Лабиринт с помощью техник массажа. Том 2,Божественные Лабиринты,Андрей,Ткачев,70.318146,16.129101
626197,Якудза из другого мира 6,Алексей Калинин,Якудза из другого мира. Том II,Якудза из другого мира,Алексей,Калинин,71.486389,15.845385
409632,Где-то там: Где-то там. Город Древних,Константин Муравьёв,Город древних,Миры за гранью [= Где-то там],Константин,Муравьев,27.369003,15.929102
706700,Книжник. Книга 2. Школа магии,Константин Назимов,Книжник,Книжник,Константин,Борисов-Назимов,43.75132,19.971073
584889,Слово и Чистота. Отражение,Александр Зайцев,Слово и Чистота: Отражение,Слово и Чистота,Александр,Зайцев,69.516197,13.190813
708702,Бастард,Евгений Щепетнов,Бастард,Бастард,Евгений,Щепетнов,29.968699,15.114223
748819,Мастер печатей,Сергей Гусаров,Мастер печатей,Новая фантастика. Возвышение,Сергей,Гусаров,24.712635,22.539877
620098,Хрономаг. Книга 1,Агата Фишер,Хрономаг 2,Возвращённый,Агата,Фишер,24.000113,19.741613
81697,Эпилог Цивилизации. Том 2. Агония,Макс Вальтер,"Энциклопедия мифов. Подлинная история Макса Фрая, автора и персонажа. Том 1. А-К",Энциклопедия мифов,Макс,Фрай,2.161196,7.662497
526781,Еретик,Алекс Нагорный,Еретик,Кронпринц мятежной галактики,Алекс,Нагорный,16.981321,22.410038
681607,Крылья Мальгуса. Падение,Инди Видум,Падение,Крылья Мальгуса,Инди,Видум,41.612377,46.697304
693339,"Наследник, которому по…",Александр Курзанцев,"Не наследник, которому по…","Тот, которому по...",Александр,Курзанцев,45.974808,20.599073
561848,Сокрушая великих. Книга 3,Денис Деев,Новые Похождения Великих Ежей! (СИ),Дневники [Куприянов],Денис,Куприянов,7.737965,8.048775
619932,Смерть может танцевать 2,Макс Вальтер,Смерть может танцевать 2,Безликий (Вальтер),Макс,Вальтер,36.987267,18.836063
534295,Скайрок. Воздаяние паранормов,Алекс Нагорный,СКАЙРОК. Воздаяние паранормов,Судьбы мятежной галактики,Алекс,Нагорный,86.765671,22.410038
559949,Берсерк забытого клана. Скрижаль,Алекс Нагорный,Скрижаль,Берсерк забытого клана,Алекс,Нагорный,54.781143,22.410038
619932,Смерть может танцевать 5,Макс Вальтер,Смерть может танцевать 2,Безликий (Вальтер),Макс,Вальтер,36.987267,18.836063
561848,Сокрушая великих. Книга 2,Денис Деев,Новые Похождения Великих Ежей! (СИ),Дневники [Куприянов],Денис,Куприянов,7.737965,8.048775
643471,Двуглавый Орден Империи Росс. Одна магическая длань,Алекс Нагорный,Двуглавый Орден Империи Росс. Одна Магическая Длань,Новая летопись Империи Росс,Алекс,Нагорный,117.871132,22.410038
706116,Пустышка,Юрий Москаленко,Пустышка,Перекресток судьбы,Юрий,Москаленко,22.791576,15.940701
191976,Новая жизнь Вечного стража. Том 1,Сергей Баранников,Страна вечного лета,Рассказы,Анна и Сергей,Литвиновы,14.881065,2.531949
526781,Кронпринц мятежной галактики 2. Скайлайн,Алекс Нагорный,Еретик,Кронпринц мятежной галактики,Алекс,Нагорный,55.056068,22.410038
618595,Наследие древних. Начало,Дмитрий Найденов,Наследие древних,Наследие древних,Дмитрий,Найденов,33.080887,20.626951
637133,Отшельник. Клан Заката – 2,Михаил Тихонов,Отшельники. Клан Заката. Книга вторая. Отшельник,Империя Отшельника,Михаил,Тихонов,41.049686,14.6099
691849,Разлом Тёмный лес. Книга третья,Дмитрий Найденов,Тёмный лес. Книга третья,Разлом,Дмитрий,Найденов,43.989059,20.626951
591769,Зажжённый факел,Василий Криптонов,Зажженный факел,Эра Огня,Василий,Криптонов,49.750706,20.213428
615243,Отшельники. Клан Заката,Михаил Тихонов,Отшельники. Клан Заката. Книга первая. Приемыш,Империя Отшельника,Михаил,Тихонов,47.609989,14.6099
651370,Стреломант. Книга 2,Эл Лекс,Стреломант 2,Стреломант,Эл,Лекс,48.000225,17.405519
626197,Якудза из другого мира 4,Алексей Калинин,Якудза из другого мира. Том II,Якудза из другого мира,Алексей,Калинин,71.486389,15.845385
619932,Смерть может танцевать 4,Макс Вальтер,Смерть может танцевать 2,Безликий (Вальтер),Макс,Вальтер,36.987267,18.836063
626197,Якудза из другого мира 5,Алексей Калинин,Якудза из другого мира. Том II,Якудза из другого мира,Алексей,Калинин,71.486389,15.845385
635033,Корректировщик,Ян Бадевский,Корректировщик,Корректировщик (Бадевский),Ян,Бадевский,42.98035,18.166084
715615,Нерушимый – 2,Денис Ратманов,Нерушимый,Нерушимый,Денис,Ратманов,36.053272,30.840351
552267,Нейрокомандор. Книга 1. Пси-Фактор. Адепты с Земли,Алекс Нагорный,Нейрокомандор. Книга 1. Пси-Фактор. Адепты с Земли,Изгои звёздной Империи,Алекс,Нагорный,85.890831,22.410038
607186,Двуглавый Орден Империи Росс. Магия изначальная,Алекс Нагорный,Двуглавый Орден Империи Росс. Магия изначальная,Новая летопись Империи Росс,Алекс,Нагорный,96.095734,22.410038
673165,Ари Ками. Книга 2. Кланы,Александр Гаврилов,Ари Ками,Ари Ками,Александр,Гаврилов,93.79541,15.75429
712955,Край вечных вулканов,Юрий Уленгов,Край вечных вулканов,Дэймон Старк,Юрий,Уленгов,56.274529,19.016714
615639,Макото. Книга 2,Алексей Шмаков,Макото. Том первый,Истинный,Алексей,Шмаков,24.000113,19.089764
619932,Смерть может танцевать 3,Макс Вальтер,Смерть может танцевать 2,Безликий (Вальтер),Макс,Вальтер,36.987267,18.836063
438417,Нейтральные миры: Нейтральные миры. Мастер лута,Константин Муравьёв,Мастер лута,Миры Содружества (Вселенная EVE-online),Константин,Муравьев,38.497913,15.929102
647401,Я покорю Лабиринт с помощью техник массажа. Книга 2,Андрей Ткачев,Я покорю Лабиринт с помощью техник массажа. Том 2,Божественные Лабиринты,Андрей,Ткачев,70.318146,16.129101
731611,Хранитель. Книга 1,Максим Зарецкий,Хранитель. Книга 2,Расколотый мир (Зарецкий),Максим,Зарецкий,12.511293,22.830135
621551,Слово и Чистота: Отблеск,Александр Зайцев,Слово и Чистота: Отблеск,Слово и Чистота,Александр,Зайцев,78.420364,13.190813
673165,Ари Ками. Книга 3. Системная ошибка,Александр Гаврилов,Ари Ками,Ари Ками,Александр,Гаврилов,93.79541,15.75429
646725,Дар Смерти,Алексей Любушкин,Дар Смерти,Холмский,Алексей,Любушкин,14.128971,26.747795
647401,Я покорю Лабиринт с помощью техник массажа. Книга 5,Андрей Ткачев,Я покорю Лабиринт с помощью техник массажа. Том 2,Божественные Лабиринты,Андрей,Ткачев,70.318146,16.129101
582379,Двуглавый Орден Империи Росс. Прибытие в школу магии,Алекс Нагорный,Двуглавый Орден Империи Росс. Прибытие в школу магии,Новая летопись Империи Росс,Алекс,Нагорный,119.877945,22.410038
644820,БЕСсильный чемпион,Григорий Володин,Бессильный чемпион. Тома 1 и 2,Гроза ада,Григорий,Володин,37.20369,23.516369
747364,Сила крови,Алекс Каменев,Сила крови III — Власть крови,Сила крови,Алекс,Каменев,34.533783,20.23402
715615,Нерушимый – 3,Денис Ратманов,Нерушимый,Нерушимый,Денис,Ратманов,36.053272,30.840351
708702,Бастард-2,Евгений Щепетнов,Бастард,Бастард,Евгений,Щепетнов,29.968699,15.114223
584889,Слово и Чистота. Отражение,Александр Зайцев,Слово и Чистота: Отражение,Слово и Чистота,Александр,Зайцев,69.516197,13.190813
615639,Макото. Книга 5,Алексей Шмаков,Макото. Том первый,Истинный,Алексей,Шмаков,24.000113,19.089764
615639,Макото. Книга 1,Алексей Шмаков,Макото. Том первый,Истинный,Алексей,Шмаков,24.000113,19.089764
621551,Слово и Чистота: Отблеск,Александр Зайцев,Слово и Чистота: Отблеск,Слово и Чистота,Александр,Зайцев,78.420364,13.190813
534295,Скайрок. Воздаяние паранормов,Алекс Нагорный,СКАЙРОК. Воздаяние паранормов,Судьбы мятежной галактики,Алекс,Нагорный,86.765671,22.410038
626197,Якудза из другого мира 7,Алексей Калинин,Якудза из другого мира. Том II,Якудза из другого мира,Алексей,Калинин,71.486389,15.845385
692902,Слово и чистота: Излом,Александр Зайцев,Слово и Чистота: Излом,Слово и Чистота,Александр,Зайцев,70.871292,13.190813
615639,Макото. Книга 3,Алексей Шмаков,Макото. Том первый,Истинный,Алексей,Шмаков,24.000113,19.089764
615243,Клан Заката. Кочевник,Михаил Тихонов,Отшельники. Клан Заката. Книга первая. Приемыш,Империя Отшельника,Михаил,Тихонов,24.261337,14.6099
723451,Слово и Чистота. Иллюзия,Александр Зайцев,Слово и Чистота. Иллюзия,Слово и Чистота,Александр,Зайцев,69.412979,13.190813
620500,Эволюция монстра. Книга 1,Руслан Рубцов,Эволюция монстра,Система подземелий,Руслан,Рубцов,26.075323,23.409494
640653,Клан Когтей,Ян Бадевский,Клан Когтей,Корректировщик (Бадевский),Ян,Бадевский,34.609375,18.166084
642242,Оружейный Барон,Сергей Полев,Оружейный барон,Оружейный Барон,Сергей,Полев,65.411751,22.305031
366266,Следы на воде,Сергей Ефанов,Следы на воде [СИ],Псимаг,Сергей,Ефанов,27.173447,24.83773
680459,Гнев Империи. Книга 1,Findroid,Гнев Империи I,Мир Стремлений. Гнев,Антон,Агафонов,31.593475,15.625153
615180,Душа короля. Книга 1,Сергей Савинов,ZZ.. Душа Короля,Душа Короля,Сергей,Савинов,35.857162,16.464697
615180,Душа короля. Книга 4,Сергей Савинов,ZZ.. Душа Короля,Душа Короля,Сергей,Савинов,35.857162,16.464697
81697,Эпилог Цивилизации. Том 1. Крамола,Макс Вальтер,"Энциклопедия мифов. Подлинная история Макса Фрая, автора и персонажа. Том 1. А-К",Энциклопедия мифов,Макс,Фрай,2.161196,7.662497
605234,Гром гремит дважды,Мила Бачурова,Гром гремит дважды,Гром гремит дважды,Мила,Бачурова,92.666328,30.069733
615639,Макото. Книга 4,Алексей Шмаков,Макото. Том первый,Истинный,Алексей,Шмаков,24.000113,19.089764
748819,Мастер печатей,Сергей Гусаров,Мастер печатей,Новая фантастика. Возвышение,Сергей,Гусаров,24.712635,22.539877
619932,Смерть может танцевать 5,Макс Вальтер,Смерть может танцевать 2,Безликий (Вальтер),Макс,Вальтер,36.987267,18.836063
647401,Я покорю Лабиринт с помощью техник массажа. Книга 3,Андрей Ткачев,Я покорю Лабиринт с помощью техник массажа. Том 2,Божественные Лабиринты,Андрей,Ткачев,70.318146,16.129101
699883,Смертник из рода Валевских. Книга 2,Василий Маханенко,Смертник из рода Валевских #01,Смертник из рода Валевских,Василий,Маханенко,99.631706,19.306141
81697,Эпилог Цивилизации. Том 2. Агония,Макс Вальтер,"Энциклопедия мифов. Подлинная история Макса Фрая, автора и персонажа. Том 1. А-К",Энциклопедия мифов,Макс,Фрай,2.161196,7.662497
752929,Проклятие Усердия,Евгений Нетт,Проклятие Усердия. Том 1,Маг? Вирфорт? Или ...?,Евгений,Нетт,36.888203,20.842009
647401,Я покорю Лабиринт с помощью техник массажа. Книга 4,Андрей Ткачев,Я покорю Лабиринт с помощью техник массажа. Том 2,Божественные Лабиринты,Андрей,Ткачев,70.318146,16.129101
747364,Сила крови III,Алекс Каменев,Сила крови III — Власть крови,Сила крови,Алекс,Каменев,41.154095,20.23402
752929,Проклятие Усердия. Том 2,Евгений Нетт,Проклятие Усердия. Том 1,Маг? Вирфорт? Или ...?,Евгений,Нетт,39.0494,20.842009
511016,Неон. Первые шаги. Книга первая,Алекс Нагорный,Новейший Свет. Ингвар: первые шаги (СИ),Новейший Свет. Ингвар,Алекс,Бадинтер,18.906221,6.514297
599724,Тактика малых групп. Часть 2,Александр Зайцев,Тактика малых групп. Часть 2,Тактика малых групп,Александр,Зайцев,113.935005,13.190813
582379,Двуглавый Орден Империи Росс. Прибытие в школу магии,Алекс Нагорный,Двуглавый Орден Империи Росс. Прибытие в школу магии,Новая летопись Империи Росс,Алекс,Нагорный,119.877945,22.410038
696717,Мифы и легенды. Начало,Сергей Карелин,Мифы и Легенды VII,Мифы и легенды [Карелин],Сергей,Карелин,26.519169,15.204631
620500,Эволюция монстра. Книга 2,Руслан Рубцов,Эволюция монстра,Система подземелий,Руслан,Рубцов,26.075323,23.409494
643471,Двуглавый Орден Империи Росс. Одна Магическая Длань,Алекс Нагорный,Двуглавый Орден Империи Росс. Одна Магическая Длань,Новая летопись Империи Росс,Алекс,Нагорный,117.871132,22.410038
676785,Сам себе князь,Сергей Мусаниф,Сам себе князь,Сам себе цикл,Сергей,Мусаниф,38.097939,17.264442
615180,Душа короля. Книга 3,Сергей Савинов,ZZ.. Душа Короля,Душа Короля,Сергей,Савинов,35.857162,16.464697
637133,Отшельник. Клан Заката – 2,Михаил Тихонов,Отшельники. Клан Заката. Книга вторая. Отшельник,Империя Отшельника,Михаил,Тихонов,41.049686,14.6099
81697,Эпилог Цивилизации. Том 1. Крамола,Макс Вальтер,"Энциклопедия мифов. Подлинная история Макса Фрая, автора и персонажа. Том 1. А-К",Энциклопедия мифов,Макс,Фрай,2.161196,7.662497
630102,Наследие Древних. Империя превыше всего,Дмитрий Найденов,Империя превыше всего,Наследие древних,Дмитрий,Найденов,52.909073,20.626951
607186,Двуглавый Орден Империи Росс. Магия изначальная,Алекс Нагорный,Двуглавый Орден Империи Росс. Магия изначальная,Новая летопись Империи Росс,Алекс,Нагорный,96.095734,22.410038
708321,Игрушка для дракона,Евгений Щепетнов,Игрушка для дракона,Мир драконов,Евгений,Щепетнов,21.970863,15.114223
700909,Путь Орла. Книга 1. Ассимиляция,Алексей Имп,Ассимиляция,Путь Орла,Алексей,Имп,45.030823,26.19072
747364,Сила крови II,Алекс Каменев,Сила крови III — Власть крови,Сила крови,Алекс,Каменев,34.533783,20.23402
685662,Разлом. Магическая школа. Книга вторая,Дмитрий Найденов,Магическая школа. Книга вторая,Разлом,Дмитрий,Найденов,43.772739,20.626951
680459,Гнев Империи. Книга 3,Findroid,Гнев Империи I,Мир Стремлений. Гнев,Антон,Агафонов,31.593475,15.625153
620098,Хрономаг. Книга 3,Агата Фишер,Хрономаг 2,Возвращённый,Агата,Фишер,24.000113,19.741613
81697,Эпилог Цивилизации. Том 3. Восхождение,Макс Вальтер,"Энциклопедия мифов. Подлинная история Макса Фрая, автора и персонажа. Том 1. А-К",Энциклопедия мифов,Макс,Фрай,2.161196,7.662497
615180,ZZZZZZZ: Душа короля. Книга 3,Сергей Савинов,ZZ.. Душа Короля,Душа Короля,Сергей,Савинов,35.857162,16.464697
615180,ZZZZZZZ: Душа короля. Книга 2,Сергей Савинов,ZZ.. Душа Короля,Душа Короля,Сергей,Савинов,35.857162,16.464697
631491,Фаворит Смерти,Тим Волков,Фаворит смерти,Фаворит Смерти,Тим,Волков,43.306309,18.005241
615180,Душа короля. Книга 2,Сергей Савинов,ZZ.. Душа Короля,Душа Короля,Сергей,Савинов,35.857162,16.464697
620098,Хрономаг. Книга 2,Агата Фишер,Хрономаг 2,Возвращённый,Агата,Фишер,24.000113,19.741613
526781,Кронпринц мятежной галактики: Скайфай. Скайлайн. Еретик,Алекс Нагорный,Еретик,Кронпринц мятежной галактики,Алекс,Нагорный,72.037392,22.410038
731611,Хранитель. Книга 1,Максим Зарецкий,Хранитель. Книга 2,Расколотый мир (Зарецкий),Максим,Зарецкий,12.511293,22.830135
615180,ZZZZZZZ: Душа короля. Книга 1,Сергей Савинов,ZZ.. Душа Короля,Душа Короля,Сергей,Савинов,35.857162,16.464697
631491,Фаворит Смерти. Книга 2,Тим Волков,Фаворит смерти,Фаворит Смерти,Тим,Волков,43.306309,18.005241
504228,Самый быстрый,Сергей Савинов,Быстрый испанский,Быстрый испанский,Сергей,Матвеев,37.57959,2.531949
605234,Гром гремит дважды. Турнир,Мила Бачурова,Гром гремит дважды,Гром гремит дважды,Мила,Бачурова,92.666328,30.069733
700906,Путь Орла. Книга 3. Киборг-маг,Алексей Имп,Киборг-маг,Путь Орла,Алексей,Имп,48.29459,26.19072
634955,Менталист. Коронация. Том 1,Андрей Еслер,Менталист. Коронация. Том 1,Выиграть у времени,Андрей,Еслер,39.689884,21.645784
700907,Путь Орла. Книга 2. Альянс с Драконами,Алексей Имп,Альянс с Драконами,Путь Орла,Алексей,Имп,54.188583,26.19072
561848,Сокрушая великих. Книга 2,Денис Деев,Новые Похождения Великих Ежей! (СИ),Дневники [Куприянов],Денис,Куприянов,7.737965,8.048775
682151,Возрождение Феникса. Книга 9,Григорий Володин,Возрождение Феникса. Том 2,Возрождение Феникса,Григорий,Володин,47.133778,23.516369
680891,Наследник Седьмой Марки,Виталий Останин,Наследник Седьмой Марки,Третий Рим,Виталий,Останин,42.634911,22.122112
301934,Хоровод Невест,Сергей Ефанов,Хоровод невест,Псимаг,Сергей,Ефанов,30.94068,24.83773
651761,Волхв,Ян Бадевский,Волхв,Корректировщик (Бадевский),Ян,Бадевский,20.25946,18.166084
641158,Герой из тени. Книга 3,Агата Фишер,Герой из тени,Попаданцы - фэнтези,Агата,Фишер,15.799543,19.741613
641158,Герой из тени. Книга 2,Агата Фишер,Герой из тени,Попаданцы - фэнтези,Агата,Фишер,15.799543,19.741613
580106,Судьба Супера,Сергей Ефанов,Судьба Супера,Псимаг,Сергей,Ефанов,37.125614,24.83773
674710,Кузня крови,Михаил Игнатов,Кузня Крови,Кровь,Михаил,Игнатов,39.644131,19.745396
674302,Первые искры,Василий Криптонов,Первые искры,Фэнтези-магия,Василий,Криптонов,20.276577,20.213428
733539,B.F.G. Орк,Сергей Савинов,B.F.G. Орк,Осколки тьмы (Емельянов),Сергей,Савинов,17.294189,16.464697
580106,Судьба Супера,Сергей Ефанов,Судьба Супера,Псимаг,Сергей,Ефанов,37.125614,24.83773
566238,Падение в небо,Алекс Нагорный,Падение в небо,Звездный спринт,Алекс,Нагорный,18.540462,22.410038
555651,Берсерк забытого клана. Элементаль,Алекс Нагорный,Элементаль,Берсерк забытого клана,Алекс,Нагорный,61.532337,22.410038
680459,Гнев Империи. Книга 2,Findroid,Гнев Империи I,Мир Стремлений. Гнев,Антон,Агафонов,31.593475,15.625153
665641,Подземелье по наследству. Книга 1,Кирилл Тесленок,Подземелье по наследству. Том 1,Подземелье,Кирилл,Теслёнок,49.314522,23.856159
700908,Путь Орла. Книга 5. Угроза возвращения,Алексей Имп,Угроза возвращения,Путь Орла,Алексей,Имп,51.479595,26.19072
665641,Подземелье по наследству. Книга 2,Кирилл Тесленок,Подземелье по наследству. Том 1,Подземелье,Кирилл,Теслёнок,49.314522,23.856159
719602,Одарённый. Книга 4. Князь,Тим Волков,Бояръ-Аниме. Одаренный: адъютант,Ай да Пушкин!,Тим,Волков,18.622803,18.005241
733539,B.F.G. Орк,Сергей Савинов,B.F.G. Орк,Осколки тьмы (Емельянов),Сергей,Савинов,17.294189,16.464697
608394,Клан Ито. Возвращение,Вадим Фарг,Возвращение,Клан Ито,Вадим,Фарг,38.712734,22.143131
699883,Смертник из рода Валевских. Книга 3,Василий Маханенко,Смертник из рода Валевских #01,Смертник из рода Валевских,Василий,Маханенко,99.631706,19.306141
366266,Следы на воде,Сергей Ефанов,Следы на воде [СИ],Псимаг,Сергей,Ефанов,27.173447,24.83773
674210,Циничный алхимик. Том 1,Сергей Полев,Циничный алхимик #1,Рей безродный - циничный алхимик,Сергей,Полев,78.388626,22.305031
301934,Хоровод Невест,Сергей Ефанов,Хоровод невест,Псимаг,Сергей,Ефанов,30.94068,24.83773
699883,Смертник из рода Валевских. Книга 6,Василий Маханенко,Смертник из рода Валевских #01,Смертник из рода Валевских,Василий,Маханенко,99.631706,19.306141
733786,Искусство взрывать,Сергей Савинов,Искусство взрывать,Осколки тьмы (Емельянов),Сергей,Савинов,33.32336,16.464697
39857,НеСказка 1. Знакомство с мечтой,Павел Матисов,Знакомство с Тишковым,Библиотека «Дружбы народов»,Павел,Нилин,14.412111,5.44264
695785,Путь чести,Иван Щукин,Путь чести,Жизни архимага,Иван,Щукин,16.886883,19.599289
665641,Подземелье по наследству. Книга 3,Кирилл Тесленок,Подземелье по наследству. Том 1,Подземелье,Кирилл,Теслёнок,49.314522,23.856159
641158,Герой из тени. Книга 1,Агата Фишер,Герой из тени,Попаданцы - фэнтези,Агата,Фишер,15.799543,19.741613
289517,Алиса,Александр Курзанцев,Алиса в Стране Чудес. Алиса в Зазеркалье,Алиса,Александр,Шахгелдян,25.075397,2.135455
748818,Эзотерик. Вздох,Дмитрий Горюк,Вздох,Эзотерик,Дмитрий,Горюк,51.019741,32.447235
641158,Герой из тени. Книга 3,Агата Фишер,Герой из тени,Попаданцы - фэнтези,Агата,Фишер,15.799543,19.741613
748818,Эзотерик. Вздох,Дмитрий Горюк,Вздох,Эзотерик,Дмитрий,Горюк,51.019741,32.447235
675611,Вольный охотник,Виталий Останин,Вольный охотник,Третий Рим,Виталий,Останин,25.115559,22.122112
725501,Коллекционер душ. Книга 2,Михаил Липарк,Коллекционер душ. Книга 1,"Короче, я попал!",Михаил,Липарк,28.560061,23.756477
733786,Искусство взрывать 2,Сергей Савинов,Искусство взрывать,Осколки тьмы (Емельянов),Сергей,Савинов,33.32336,16.464697
615180,ZZZZZZZ: Душа короля. Книга 4,Сергей Савинов,ZZ.. Душа Короля,Душа Короля,Сергей,Савинов,35.857162,16.464697
641158,Герой из тени. Книга 1,Агата Фишер,Герой из тени,Попаданцы - фэнтези,Агата,Фишер,15.799543,19.741613
641158,Герой из тени. Книга 2,Агата Фишер,Герой из тени,Попаданцы - фэнтези,Агата,Фишер,15.799543,19.741613
746648,Филолог. Магия Слова,Владимир Батаев,Круглоухая магия,Круглоухая магия,Владимир,Батаев,10.139478,19.974396
492737,Бездна. Хроники другого мира,Алекс Нагорный,Бездна,Хроники другого мира,Алекс,Нагорный,33.722553,22.410038
696717,Мифы и легенды. Начало,Сергей Карелин,Мифы и Легенды VII,Мифы и легенды [Карелин],Сергей,Карелин,26.519169,15.204631
521712,Слово и Чистота. Проекция,Александр Зайцев,Слово и Чистота: Проекция,Слово и Чистота,Александр,Зайцев,83.58493,13.190813
673165,АРИ КАМИ,Александр Гаврилов,Ари Ками,Ари Ками,Александр,Гаврилов,93.79541,15.75429
673062,У меня на вас совершенно нет времени,Юки,У меня на вас совершенно нет времени,Тринити,,Юки,40.409439,25.75646
732976,Дайте мне больше времени,Юки,Дайте мне больше времени,Тринити,,Юки,41.0298,25.75646
730010,Дочь самурая,Олег Касаткин,Дочь самурая,Дочь Самурая,Олег,Касаткин,49.226021,25.799788
559949,Берсерк забытого клана. Скрижаль,Алекс Нагорный,Скрижаль,Берсерк забытого клана,Алекс,Нагорный,54.781143,22.410038
730010,Дочь самурая. Три книги в одном томе,Владимир Лещенко,Дочь самурая,Дочь Самурая,Владимир,Лещенко,49.226021,18.872217
730010,Дочь самурая. Владычица Востока,Владимир Лещенко,Дочь самурая,Дочь Самурая,Владимир,Лещенко,49.226021,18.872217
730010,Дочь самурая. Ветер судьбы,Владимир Лещенко,Дочь самурая,Дочь Самурая,Владимир,Лещенко,49.226021,18.872217
754260,Свободу демонам! Том 4,Никита Киров,Свободу демонам! Том 1 и 2,"Тот, кто ждёт",Никита,Киров,44.826569,26.601582
631940,Драгорн. Том VI,Радагор Воронов,Драгорн. Том 2,Драгорн,Радагор,Воронов,50.161423,36.706383
754260,Свободу демонам! Том 3,Никита Киров,Свободу демонам! Том 1 и 2,"Тот, кто ждёт",Никита,Киров,44.826569,26.601582
748112,Истинный князь,Дмитрий Шелег,Истинный князь,Фантастический боевик,Дмитрий,Шелег,23.771366,18.37537
567161,Берсерк забытого клана. Врата войны,Алекс Нагорный,Врата войны,Берсерк забытого клана,Алекс,Нагорный,52.369362,22.410038
752893,Цитадели гордыни 9. Бастионы гордыни,Алекс Каменев,Бастионы гордыни,Цитадели гордыни,Алекс,Каменев,75.075363,20.23402
693940,Тень Ворона,Сергей Орлов,Тень Ворона,Месть Чернокрылого,Сергей,Орлов,17.812212,11.175253
738192,Разлом. В поисках филактерии. Книга десятая,Дмитрий Найденов,Разлом. Мир меча и магии 2. Книга девятая,Разлом,Дмитрий,Найденов,34.015881,20.626951
754260,Свободу демонам!,Никита Киров,Свободу демонам! Том 1 и 2,"Тот, кто ждёт",Никита,Киров,42.665371,26.601582
754260,Свободу демонам! Том 2,Никита Киров,Свободу демонам! Том 1 и 2,"Тот, кто ждёт",Никита,Киров,44.826569,26.601582
748908,Слуга государя 2,Александр Гаврилов,Слуга государя,Мажор в боярке,Александр,Гаврилов,33.08123,15.75429
589956,Под светом чужой звезды,Андрей Никонов,Под светом чужой звезды - 2,Бедный родственник,Андрей,Никонов,36.883183,15.841045
748908,Слуга государя,Александр Гаврилов,Слуга государя,Мажор в боярке,Александр,Гаврилов,33.08123,15.75429
693940,Тень Ворона – 3,Сергей Орлов,Тень Ворона,Месть Чернокрылого,Сергей,Орлов,17.812212,11.175253
654350,Древо IV Игрок,Андрей Рымин,Игрок,Древо,Андрей,Рымин,26.474453,23.03091
678627,Удар! Ещё удар!!,Александр Гаврилов,Удар! Ещё удар!!,Удар,Александр,Гаврилов,32.431366,15.75429
748115,На гребне обстоятельств,Дмитрий Шелег,На гребне обстоятельств,Фантастический боевик,Дмитрий,Шелег,37.900696,18.37537
631940,Драгорн. Том VI,Радагор Воронов,Драгорн. Том 2,Драгорн,Радагор,Воронов,50.161423,36.706383
631940,Драгорн. Том III,Радагор Воронов,Драгорн. Том 2,Драгорн,Радагор,Воронов,50.161423,36.706383
700684,Разлом. Столичный мажор. Книга пятая,Дмитрий Найденов,Столичный мажор. Книга пятая,Разлом,Дмитрий,Найденов,66.243896,20.626951
725945,Разлом. Академия. Книга шестая,Дмитрий Найденов,Академия. Книга шестая,Разлом,Дмитрий,Найденов,39.110321,20.626951
693940,Тень Ворона – 5,Сергей Орлов,Тень Ворона,Месть Чернокрылого,Сергей,Орлов,17.812212,11.175253
631940,Драгорн. Том V,Радагор Воронов,Драгорн. Том 2,Драгорн,Радагор,Воронов,50.161423,36.706383
674210,Циничный алхимик,Сергей Полев,Циничный алхимик #1,Рей безродный - циничный алхимик,Сергей,Полев,78.388626,22.305031
693940,Тень Ворона – 2,Сергей Орлов,Тень Ворона,Месть Чернокрылого,Сергей,Орлов,17.812212,11.175253
710839,Мастер 2,Валерий Чащин,Мастер...,Мастер (Чащин),Валерий,Чащин,15.848573,30.963942
589956,Под светом чужой звезды,Андрей Никонов,Под светом чужой звезды - 2,Бедный родственник,Андрей,Никонов,36.883183,15.841045
693940,Тень Ворона – 4,Сергей Орлов,Тень Ворона,Месть Чернокрылого,Сергей,Орлов,17.812212,11.175253
571283,Камень. Книга вторая,Станислав Минин,Камень. Книга 2,Камень,Станислав,Минин,20.662531,23.96867
571283,Камень. Книга шестая,Станислав Минин,Камень. Книга 2,Камень,Станислав,Минин,20.662531,23.96867
674210,Циничный алхимик. Том 2,Сергей Полев,Циничный алхимик #1,Рей безродный - циничный алхимик,Сергей,Полев,78.388626,22.305031
571283,Камень. Книга седьмая,Станислав Минин,Камень. Книга 2,Камень,Станислав,Минин,20.662531,23.96867
619932,Смерть может танцевать,Макс Вальтер,Смерть может танцевать 2,Безликий (Вальтер),Макс,Вальтер,36.987267,18.836063
674210,Циничный алхимик. Том 3,Сергей Полев,Циничный алхимик #1,Рей безродный - циничный алхимик,Сергей,Полев,78.388626,22.305031
691849,Разлом Тёмный лес. Книга третья,Дмитрий Найденов,Тёмный лес. Книга третья,Разлом,Дмитрий,Найденов,43.989059,20.626951
631940,Драгорн. Том IV,Радагор Воронов,Драгорн. Том 2,Драгорн,Радагор,Воронов,50.161423,36.706383
571283,Камень. Книга четвертая,Станислав Минин,Камень. Книга 2,Камень,Станислав,Минин,20.662531,23.96867
659309,БЕСсильный чемпион. Том 2,Григорий Володин,БЕСсильный чемпион. Том 5,Гроза ада,Григорий,Володин,39.364887,23.516369
571283,Камень. Книга девятая,Станислав Минин,Камень. Книга 2,Камень,Станислав,Минин,20.662531,23.96867
571283,Камень. Книга восьмая,Станислав Минин,Камень. Книга 2,Камень,Станислав,Минин,20.662531,23.96867
631940,Драгорн. Том V,Радагор Воронов,Драгорн. Том 2,Драгорн,Радагор,Воронов,50.161423,36.706383
659309,БЕСсильный чемпион. Том 3,Григорий Володин,БЕСсильный чемпион. Том 5,Гроза ада,Григорий,Володин,39.364887,23.516369
718223,Я – палач. Том 2,Никита Киров,Я - палач (том 2),Призван мстить,Никита,Киров,14.607438,26.601582
703257,Библиотекарь государя,Антон Старновский,Библиотекарь 2,Библиотекарь,Антон,Исаев,37.245605,5.535949
747364,Сила крови II,Алекс Каменев,Сила крови III — Власть крови,Сила крови,Алекс,Каменев,34.533783,20.23402
619932,Смерть может танцевать 6,Макс Вальтер,Смерть может танцевать 2,Безликий (Вальтер),Макс,Вальтер,36.987267,18.836063
747364,Сила крови III,Алекс Каменев,Сила крови III — Власть крови,Сила крови,Алекс,Каменев,41.154095,20.23402
750284,Волков. Гимназия №6,Валерий Пылаев,Гимназия №6,Волков (Пылаев),Валерий,Пылаев,36.166714,23.373566
615639,Макото. Том первый,Алексей Шмаков,Макото. Том первый,Истинный,Алексей,Шмаков,32.473923,19.089764
621221,Макото. Том третий,Алексей Шмаков,Макото. Том третий,Истинный,Алексей,Шмаков,35.519363,19.089764
682151,Возрождение Феникса. Книга 6,Григорий Володин,Возрождение Феникса. Том 2,Возрождение Феникса,Григорий,Володин,47.133778,23.516369
632152,Древо II. Заговорщик,Андрей Рымин,Заговорщик,Древо,Андрей,Рымин,40.794373,23.03091
715615,Нерушимый – 3,Денис Ратманов,Нерушимый,Нерушимый,Денис,Ратманов,36.053272,30.840351
626726,Макото. Том четвёртый,Алексей Шмаков,Макото. Том четвертый,Истинный,Алексей,Шмаков,37.191124,19.089764
680462,Пожиратель времени. Том 1,Никита Киров,Пожиратель времени (Том 1),Пожиратель времени,Никита,Киров,40.511974,26.601582
642387,Хранитель рода государева 5,Алексей Шмаков,Хранитель рода государева,Хранитель рода государева,Алексей,Шмаков,80.892014,19.089764
680462,Пожиратель времени. Том 2,Никита Киров,Пожиратель времени (Том 1),Пожиратель времени,Никита,Киров,40.511974,26.601582
526781,Кронпринц мятежной галактики 2. Скайлайн,Алекс Нагорный,Еретик,Кронпринц мятежной галактики,Алекс,Нагорный,55.056068,22.410038
718223,Я – палач. Том 3,Никита Киров,Я - палач (том 2),Призван мстить,Никита,Киров,14.607438,26.601582
526781,Кронпринц мятежной галактики 1. Скайфай,Алекс Нагорный,Еретик,Кронпринц мятежной галактики,Алекс,Нагорный,55.056068,22.410038
631940,Драгорн. Том IV,Радагор Воронов,Драгорн. Том 2,Драгорн,Радагор,Воронов,50.161423,36.706383
636614,Древо III Дикий,Андрей Рымин,Дикий,Древо,Андрей,Рымин,25.094292,23.03091
631940,Драгорн. Том III,Радагор Воронов,Драгорн. Том 2,Драгорн,Радагор,Воронов,50.161423,36.706383
623683,Я убил Бессмертного. Том 1,Оро Призывающий,Я убил Бессмертного. Том 2,Плутающий,Оро,Призывающий,34.043831,32.541306
729087,Иностранец. Бои без правил,Игорь Шелег,Бои без правил,Иностранец,Игорь,Шелег,50.044342,19.306835
631940,Драгорн. Том I,Радагор Воронов,Драгорн. Том 2,Драгорн,Радагор,Воронов,50.161423,36.706383
492737,Бездна. Хроники другого мира,Алекс Нагорный,Бездна,Хроники другого мира,Алекс,Нагорный,33.722553,22.410038
631940,Драгорн. Том I,Радагор Воронов,Драгорн. Том 2,Драгорн,Радагор,Воронов,50.161423,36.706383
678627,Удар! Ещё удар!! 2,Александр Гаврилов,Удар! Ещё удар!!,Удар,Александр,Гаврилов,32.431366,15.75429
631940,Драгорн. Том II,Радагор Воронов,Драгорн. Том 2,Драгорн,Радагор,Воронов,50.161423,36.706383
746738,Андер. Книга первая,Виктор Викторов,Андер. Книга первая,Андер он Сворт,Виктор,Викторов,66.035431,21.718987
713278,Князь Барятинский 2. Императорская Академия,Мила Бачурова,Императорская Академия,Князь Барятинский,Мила,Бачурова,53.915928,30.069733
726421,Разлом. Вторжение. Книга седьмая,Дмитрий Найденов,Вторжение. Книга седьмая,Разлом,Дмитрий,Найденов,42.518959,20.626951
746464,Не грози Дубровскому!,Антон Панарин,Не грози Дубровскому!,РОС: Не грози Дубровскому!,Антон,Панарин,103.025841,23.428717
685662,Разлом. Магическая школа. Книга вторая,Дмитрий Найденов,Магическая школа. Книга вторая,Разлом,Дмитрий,Найденов,43.772739,20.626951
642387,Хранитель рода государева,Алексей Шмаков,Хранитель рода государева,Хранитель рода государева,Алексей,Шмаков,80.892014,19.089764
747364,Сила крови,Алекс Каменев,Сила крови III — Власть крови,Сила крови,Алекс,Каменев,34.533783,20.23402
645265,Бандит-6. Король,Евгений Щепетнов,Бандит,Петр Синельников,Евгений,Щепетнов,19.345823,15.114223
733288,КРОНД #2: Джокер преступного мира,Кирилл Неумытов,Джокер преступного мира,КРОНД,Кирилл,Неумытов,59.278267,26.505951
567161,Берсерк забытого клана. Врата войны,Алекс Нагорный,Врата войны,Берсерк забытого клана,Алекс,Нагорный,52.369362,22.410038
730092,Софья. Другой мир 2,Нина Ахминеева,Софья. Другой мир,Софья (Ахминеева),Нина,Ахминеева,39.134182,30.712507
739481,Двойник Рода. Начало пути,Игорь Лахов,Начало пути,Двойник Рода,Игорь,Лахов,39.372452,26.351776
749590,Не грози Дубровскому! Том II,Антон Панарин,Не грози Дубровскому! Том II,РОС: Не грози Дубровскому!,Антон,Панарин,105.187035,23.428717
726422,Разлом. Мир меча и магии. Книга восьмая,Дмитрий Найденов,Мир меча и магии. Книга восьмая,Разлом,Дмитрий,Найденов,56.721989,20.626951
687368,Дух воина,Марианна Красовская,Дух воина,Романтическая фантастика,Марианна,Красовская,23.785748,27.774517
631940,Драгорн. Том II,Радагор Воронов,Драгорн. Том 2,Драгорн,Радагор,Воронов,50.161423,36.706383
618595,Наследие древних. Начало,Дмитрий Найденов,Наследие древних,Наследие древних,Дмитрий,Найденов,33.080887,20.626951
738192,Разлом. Книга первая,Дмитрий Найденов,Разлом. Мир меча и магии 2. Книга девятая,Разлом,Дмитрий,Найденов,34.015881,20.626951
571283,Камень. Книга третья,Станислав Минин,Камень. Книга 2,Камень,Станислав,Минин,20.662531,23.96867
708702,Бастард,Евгений Щепетнов,Бастард,Бастард,Евгений,Щепетнов,29.968699,15.114223
619932,Смерть может танцевать 3,Макс Вальтер,Смерть может танцевать 2,Безликий (Вальтер),Макс,Вальтер,36.987267,18.836063
682901,Крысиный бег. Иллюстрированный роман,Антонио Морале,Крысиный бег #1,Крысиный бег,Антонио,Морале,69.551025,36.934631
663222,Синдикат. Том 1,Жорж Бор,Синдикат. Том 1 и 2,Воин великой Тьмы,Жорж,Бор,19.925264,22.733852
730092,Софья. Другой мир,Нина Ахминеева,Софья. Другой мир,Софья (Ахминеева),Нина,Ахминеева,39.134182,30.712507
438417,Мастер лута,Константин Муравьёв,Мастер лута,Наши там,Константин,Муравьев,34.964504,15.929102
616092,Менталист. Трансформация,Андрей Еслер,Менталист. Трансформация,Выиграть у времени,Андрей,Еслер,34.814949,21.645784
619932,Смерть может танцевать 2,Макс Вальтер,Смерть может танцевать 2,Безликий (Вальтер),Макс,Вальтер,36.987267,18.836063
746737,Андер. Книга вторая,Виктор Викторов,Андер. Книга вторая,Андер он Сворт,Виктор,Викторов,66.484703,21.718987
191976,Новая жизнь Вечного стража. Том 1,Сергей Баранников,Страна вечного лета,Рассказы,Анна и Сергей,Литвиновы,14.881065,2.531949
571283,Камень. Книга пятая,Станислав Минин,Камень. Книга 2,Камень,Станислав,Минин,20.662531,23.96867
703257,Библиотекарь государя,Антон Старновский,Библиотекарь 2,Библиотекарь,Антон,Исаев,37.245605,5.535949
619932,Смерть может танцевать 6,Макс Вальтер,Смерть может танцевать 2,Безликий (Вальтер),Макс,Вальтер,36.987267,18.836063
618595,Наследие Древних. Академия. Книга вторая,Дмитрий Найденов,Наследие древних,Наследие древних,Дмитрий,Найденов,33.080887,20.626951
710839,Мастер 3,Валерий Чащин,Мастер...,Мастер (Чащин),Валерий,Чащин,15.848573,30.963942
673165,Ари ками,Александр Гаврилов,Ари Ками,Ари Ками,Александр,Гаврилов,93.79541,15.75429
663222,Синдикат. Том 2,Жорж Бор,Синдикат. Том 1 и 2,Воин великой Тьмы,Жорж,Бор,19.925264,22.733852
630102,Наследие Древних. Империя превыше всего,Дмитрий Найденов,Империя превыше всего,Наследие древних,Дмитрий,Найденов,52.909073,20.626951
647019,Угнетатель аристократов,Антон Старновский,Угнетатель аристократов,Угнетатель Аристократов,Антон,Старновский,95.147552,28.327526
682901,Крысиный бег – 2,Антонио Морале,Крысиный бег #1,Крысиный бег,Антонио,Морале,69.551025,36.934631
615243,Отшельники. Клан Заката,Михаил Тихонов,Отшельники. Клан Заката. Книга первая. Приемыш,Империя Отшельника,Михаил,Тихонов,47.609989,14.6099
642387,Хранитель рода государева 6,Алексей Шмаков,Хранитель рода государева,Хранитель рода государева,Алексей,Шмаков,80.892014,19.089764
750497,Менталист. Эмансипация,Андрей Еслер,Менталист. Эмансипация,Современный фантастический боевик,Андрей,Еслер,44.560978,21.645784
370618,Исправляем прошлое. Надежно. С гарантией,Эдуард Семенов,Марк Бернес в воспоминаниях современников,Библиотека мемуаров: Близкое прошлое,Эдуард,Колмановский,9.831756,6.326109
637251,Наследие Древних. Внешняя угроза. Книга четвёртая,Дмитрий Найденов,Внешняя угроза,Наследие древних,Дмитрий,Найденов,47.100021,20.626951
630709,Макото. Том пятый,Алексей Шмаков,Макото. Том пятый,Попаданцы - фэнтези,Алексей,Шмаков,37.937389,19.089764
612615,Попал! Том 6,Извращенный Отшельник,Попал! Том 1. Том 2,Попаданцы - боевик,Отшельник,Извращённый,18.292217,38.496181
619932,Смерть может танцевать 4,Макс Вальтер,Смерть может танцевать 2,Безликий (Вальтер),Макс,Вальтер,36.987267,18.836063
615639,Макото. Том второй,Алексей Шмаков,Макото. Том первый,Истинный,Алексей,Шмаков,26.161308,19.089764
661718,Повелитель Хаоса. Книга 5,Алексей Губарев,Игра Хаоса. Книга девятая,Игра Хаоса,Алексей,Свадковский,20.662531,3.399143
673165,Ари Ками 2. Кланы,Александр Гаврилов,Ари Ками,Ари Ками,Александр,Гаврилов,93.79541,15.75429
191976,Новая жизнь Вечного стража. Том 2,Сергей Баранников,Страна вечного лета,Рассказы,Анна и Сергей,Литвиновы,14.881065,2.531949
642387,Хранитель рода государева 2,Алексей Шмаков,Хранитель рода государева,Хранитель рода государева,Алексей,Шмаков,80.892014,19.089764
680783,Ушедшие. Бастард. Книга вторая,Дмитрий Найденов,Бастард,Ушедшие,Дмитрий,Найденов,35.243809,20.626951
673165,Ари Ками 3. Системная ошибка,Александр Гаврилов,Ари Ками,Ари Ками,Александр,Гаврилов,93.79541,15.75429
677087,Синдикат. Экономика Тьмы,Жорж Бор,Синдикат. Экономика Тьмы. Том 1,Воин великой Тьмы,Жорж,Бор,45.482544,22.733852
642387,Хранитель рода государева 3,Алексей Шмаков,Хранитель рода государева,Хранитель рода государева,Алексей,Шмаков,80.892014,19.089764
659309,БЕСсильный чемпион. Том 3,Григорий Володин,БЕСсильный чемпион. Том 5,Гроза ада,Григорий,Володин,39.364887,23.516369
674302,Первые искры,Василий Криптонов,Первые искры,Фэнтези-магия,Василий,Криптонов,20.276577,20.213428
715615,Нерушимый – 2,Денис Ратманов,Нерушимый,Нерушимый,Денис,Ратманов,36.053272,30.840351
642387,Хранитель рода государева 4,Алексей Шмаков,Хранитель рода государева,Хранитель рода государева,Алексей,Шмаков,80.892014,19.089764
677087,Синдикат. Экономика Тьмы 2,Жорж Бор,Синдикат. Экономика Тьмы. Том 1,Воин великой Тьмы,Жорж,Бор,45.482544,22.733852
672097,Синдикат. Объединение,Жорж Бор,Синдикат. Объединение,Воин великой Тьмы,Жорж,Бор,38.586853,22.733852
670471,Синдикат. Синдикат. Второй ярус,Жорж Бор,Синдикат. Второй ярус,Воин великой Тьмы,Жорж,Бор,49.038429,22.733852
746737,Андер. Книга вторая,Виктор Викторов,Андер. Книга вторая,Андер он Сворт,Виктор,Викторов,66.484703,21.718987
27107,Юнисфера-1. Инферно,Андрей Ефремов,Инферно,Улицы разбитых фонарей,Андрей,Кивинов,13.396398,3.022982
664135,Девятый 2,Алексей Шмаков,Девятый. Книга 1,Девятый (Зайцев),Алексей,Зайцев,28.405556,3.399143
682901,Крысиный бег,Антонио Морале,Крысиный бег #1,Крысиный бег,Антонио,Морале,69.551025,36.934631
729419,Командировка русского охотника на демонов,Кирилл Неумытов,Командировка русского охотника на демонов,КРОНД,Кирилл,Неумытов,43.760979,26.505951
647019,Угнетатель аристократов,Антон Старновский,Угнетатель аристократов,Угнетатель Аристократов,Антон,Старновский,95.147552,28.327526
392400,Мантия Некро: Промежуток средней полосы. Том 1,Геннадий Источник,Древнейшие государства Кавказа и Средней Азии,Археология СССР,Геннадий,Кошеленко,14.36904,6.578571
664135,Девятый,Алексей Шмаков,Девятый. Книга 1,Девятый (Зайцев),Алексей,Зайцев,28.405556,3.399143
624047,Арчи. Золотая Кровь,Борис Романовский,Золотая кровь,Арчи,Борис,Романовский,33.746445,17.721699
659309,БЕСсильный чемпион. Том 2,Григорий Володин,БЕСсильный чемпион. Том 5,Гроза ада,Григорий,Володин,39.364887,23.516369
746738,Андер. Книга первая,Виктор Викторов,Андер. Книга первая,Андер он Сворт,Виктор,Викторов,66.035431,21.718987
664135,Девятый,Алексей Шмаков,Девятый. Книга 1,Девятый (Зайцев),Алексей,Зайцев,28.405556,3.399143
642387,Хранитель рода государева 2,Алексей Шмаков,Хранитель рода государева,Хранитель рода государева,Алексей,Шмаков,80.892014,19.089764
679837,Сильнейший ученик. Книга 4,Андрей Ткачев,Сильнейший ученик. Том 1,Пробуждение крови,Андрей,Ткачев,30.254719,16.129101
289517,Алиса,Александр Курзанцев,Алиса в Стране Чудес. Алиса в Зазеркалье,Алиса,Александр,Шахгелдян,25.075397,2.135455
563444,Берсерк забытого клана. Рекруты Магов Руссии,Алекс Нагорный,Рекруты магов Руссии,Берсерк забытого клана,Алекс,Нагорный,103.455353,22.410038
664135,Девятый 3,Алексей Шмаков,Девятый. Книга 1,Девятый (Зайцев),Алексей,Зайцев,28.405556,3.399143
664135,Девятый 2,Алексей Шмаков,Девятый. Книга 1,Девятый (Зайцев),Алексей,Зайцев,28.405556,3.399143
370618,Исправляем прошлое. По заданию Правительства,Эдуард Семенов,Марк Бернес в воспоминаниях современников,Библиотека мемуаров: Близкое прошлое,Эдуард,Колмановский,9.831756,6.326109
591771,Эра Огня 4. Костёр в ночи,Василий Криптонов,Костёр в ночи,Эра Огня,Василий,Криптонов,41.050491,20.213428
725501,Коллекционер душ. Книга 5,Михаил Липарк,Коллекционер душ. Книга 1,"Короче, я попал!",Михаил,Липарк,28.560061,23.756477
751809,Последний всадник Апокалипсиса. Том 1,Владимир Поздняков,Последний всадник Апокалипсиса. Том 1,Мир Душ: Война миров,Владимир,Поздняков,32.2253,22.939667
661718,Повелитель Хаоса. Книга 5,Алексей Губарев,Игра Хаоса. Книга девятая,Игра Хаоса,Алексей,Свадковский,20.662531,3.399143
637251,Наследие Древних. Внешняя угроза. Книга четвёртая,Дмитрий Найденов,Внешняя угроза,Наследие древних,Дмитрий,Найденов,47.100021,20.626951
642387,Хранитель рода государева 4,Алексей Шмаков,Хранитель рода государева,Хранитель рода государева,Алексей,Шмаков,80.892014,19.089764
642387,Хранитель рода государева 3,Алексей Шмаков,Хранитель рода государева,Хранитель рода государева,Алексей,Шмаков,80.892014,19.089764
626197,Якудза из другого мира 3,Алексей Калинин,Якудза из другого мира. Том II,Якудза из другого мира,Алексей,Калинин,71.486389,15.845385
52109,Адашев. Северские земли,Сергей Волчок,Монах на краю земли,Звёздный лабиринт,Сергей,Синякин,6.541095,2.531949
642387,Хранитель рода государева 5,Алексей Шмаков,Хранитель рода государева,Хранитель рода государева,Алексей,Шмаков,80.892014,19.089764
591769,Эра Огня 3. Зажжённый факел,Василий Криптонов,Зажженный факел,Эра Огня,Василий,Криптонов,69.652214,20.213428
722490,Ушедшие. Родовые земли. Книга третья,Дмитрий Найденов,Родовые земли,Ушедшие,Дмитрий,Найденов,59.030502,20.626951
618595,Наследие Древних. Академия. Книга вторая,Дмитрий Найденов,Наследие древних,Наследие древних,Дмитрий,Найденов,33.080887,20.626951
729419,Командировка русского охотника на демонов,Кирилл Неумытов,Командировка русского охотника на демонов,КРОНД,Кирилл,Неумытов,43.760979,26.505951
700906,Путь Орла. Книга 3. Киборг-маг,Алексей Имп,Киборг-маг,Путь Орла,Алексей,Имп,48.29459,26.19072
591767,Эра Огня 2. Непогашенная свеча,Василий Криптонов,Непогашенная свеча,Эра Огня,Василий,Криптонов,69.317978,20.213428
682151,Возрождение Феникса. Книга 8,Григорий Володин,Возрождение Феникса. Том 2,Возрождение Феникса,Григорий,Володин,47.133778,23.516369
687419,Архонты,Гордей Климов,Архонты,Архонты,Гордей,Климов,57.805168,43.783096
532431,Девушка и Большой Красный Дракон,Руслан Ушаков,Белый лебедь и Небесный дракон (СИ),Мортенвальд,Руслан,Локтев,7.403699,8.578773
706116,Пустышка,Юрий Москаленко,Пустышка,Перекресток судьбы,Юрий,Москаленко,22.791576,15.940701
620500,Эволюция монстра,Руслан Рубцов,Эволюция монстра,Система подземелий,Руслан,Рубцов,26.075323,23.409494
700909,Путь Орла. Книга 1. Ассимиляция,Алексей Имп,Ассимиляция,Путь Орла,Алексей,Имп,45.030823,26.19072
709476,Ушедшие. Пограничная зона. Книга четвёртая,Дмитрий Найденов,Пограничная зона,Ушедшие,Дмитрий,Найденов,44.191975,20.626951
626197,Якудза из другого мира 4,Алексей Калинин,Якудза из другого мира. Том II,Якудза из другого мира,Алексей,Калинин,71.486389,15.845385
664135,Девятый 3,Алексей Шмаков,Девятый. Книга 1,Девятый (Зайцев),Алексей,Зайцев,28.405556,3.399143
438417,Мастер лута,Константин Муравьёв,Мастер лута,Наши там,Константин,Муравьев,34.964504,15.929102
642387,Хранитель рода государева 6,Алексей Шмаков,Хранитель рода государева,Хранитель рода государева,Алексей,Шмаков,80.892014,19.089764
658747,Космическая сага. Альфа Центавра. Книга вторая,Дмитрий Найденов,Альфа Центавра,Космическая сага [Найденов],Дмитрий,Найденов,49.051899,20.626951
597089,Монета Судьбы,Борис Романовский,Монета Судьбы,Попаданцы - фэнтези,Борис,Романовский,24.420416,17.721699
700907,Путь Орла. Книга 2. Альянс с Драконами,Алексей Имп,Альянс с Драконами,Путь Орла,Алексей,Имп,54.188583,26.19072
710839,Мастер…,Валерий Чащин,Мастер...,Мастер (Чащин),Валерий,Чащин,15.848573,30.963942
591772,Эра Огня 5. Мятежное пламя,Василий Криптонов,Мятежное пламя,Эра Огня,Василий,Криптонов,49.791401,20.213428
697716,Приручитель 1,Евгений Лисицин,Приручитель. Книга 1,Приручитель,Евгений,Лисицин,64.459892,21.523775
623683,Я убил Бессмертного. Том 3,Оро Призывающий,Я убил Бессмертного. Том 2,Плутающий,Оро,Призывающий,34.043831,32.541306
752929,Проклятие Усердия,Евгений Нетт,Проклятие Усердия. Том 1,Маг? Вирфорт? Или ...?,Евгений,Нетт,36.888203,20.842009
706796,Думер,Игорь Нокс,Думер,Как я прыгал между мирами,Игорь,Нокс,32.229946,19.793274
700905,Путь Орла. Книга 4. Брошенный во времени,Алексей Имп,Брошенный во времени,Путь Орла,Алексей,Имп,48.610023,26.19072
602740,Последний из рода Саламандр,Игорь Углов,Последний из рода Саламандр,Стихийный Мир [Углов],Игорь,Углов,40.51897,23.626472
647543,"Похоже, я шизофреник, пожирающий магию. Том 1",Николай Новиков,"Похоже, я шизофреник, пожирающий магию. Том 1. Том 2","Похоже, я шизофреник",Николай,Новиков,149.447556,15.026099
96433,Эпилог Цивилизации. Том 4. Империя,Макс Вальтер,Квест империя,Квест империя,Макс,Мах,13.711375,7.662497
717812,Валет,Николай Марчук,Валет,Валет,Николай,Марчук,36.053272,20.183735
717812,Валет,Николай Марчук,Валет,Валет,Николай,Марчук,36.053272,20.183735
647543,"Похоже, я шизофреник, пожирающий магию. Том 2",Николай Новиков,"Похоже, я шизофреник, пожирающий магию. Том 1. Том 2","Похоже, я шизофреник",Николай,Новиков,149.447556,15.026099
623683,Я убил Бессмертного. Том 2,Оро Призывающий,Я убил Бессмертного. Том 2,Плутающий,Оро,Призывающий,34.043831,32.541306
623683,Я убил Бессмертного. Том 1,Оро Призывающий,Я убил Бессмертного. Том 2,Плутающий,Оро,Призывающий,34.043831,32.541306
659683,Последний из рода Саламандр – 3. Демоны и эльфы,Игорь Углов,Последний из рода Саламандр. Демоны и эльфы,Стихийный Мир [Углов],Игорь,Углов,63.404205,23.626472
612102,Последний из рода Саламандр – 2. Земли Адохира,Игорь Углов,Последний из рода Саламандр. Земли Адохира,Стихийный Мир [Углов],Игорь,Углов,79.290009,23.626472
746648,Филолог. Магия Слова,Владимир Батаев,Круглоухая магия,Круглоухая магия,Владимир,Батаев,10.139478,19.974396
752929,Проклятие Усердия. Том 2,Евгений Нетт,Проклятие Усердия. Том 1,Маг? Вирфорт? Или ...?,Евгений,Нетт,39.0494,20.842009
682901,Крысиный бег – 2,Антонио Морале,Крысиный бег #1,Крысиный бег,Антонио,Морале,69.551025,36.934631
602740,Последний из рода Салмандр – 3,Игорь Углов,Последний из рода Саламандр,Стихийный Мир [Углов],Игорь,Углов,16.518858,23.626472
699883,Смертник из рода Валевских. Книга 2,Василий Маханенко,Смертник из рода Валевских #01,Смертник из рода Валевских,Василий,Маханенко,99.631706,19.306141
602740,Последний из рода Саламандр – 2,Игорь Углов,Последний из рода Саламандр,Стихийный Мир [Углов],Игорь,Углов,40.51897,23.626472
602740,Последний из рода Саламандр,Игорь Углов,Последний из рода Саламандр,Стихийный Мир [Углов],Игорь,Углов,40.51897,23.626472
623683,Я убил Бессмертного. Том 4,Оро Призывающий,Я убил Бессмертного. Том 2,Плутающий,Оро,Призывающий,34.043831,32.541306
692969,Бард 2,Евгений Лисицин,Бард 1,"Бард [Карелин, Лисицин]",Евгений,Лисицин,30.182575,21.523775
623683,Я убил Бессмертного. Том 5,Оро Призывающий,Я убил Бессмертного. Том 2,Плутающий,Оро,Призывающий,34.043831,32.541306
697716,Приручитель 2,Евгений Лисицин,Приручитель. Книга 1,Приручитель,Евгений,Лисицин,64.459892,21.523775
728183,Проект Re. Том 2,Emory Faded,Проект Re: Четвертый том,Мир утраченных надежд,Emory,Faded,7.804012,49.756573
345996,АТК: Начало,Семён Павлов,Начало.,Сборник рассказов,Семен,Рудяк,7.851658,8.970009
697716,Приручитель 4,Евгений Лисицин,Приручитель. Книга 1,Приручитель,Евгений,Лисицин,64.459892,21.523775
697716,Приручитель 3,Евгений Лисицин,Приручитель. Книга 1,Приручитель,Евгений,Лисицин,64.459892,21.523775
749871,Наследие Маозари 2,Евгений Панежин,Наследие Маозари 2,Наследие Маозари,Евгений,Панежин,73.476158,32.662289
749871,Наследие Маозари,Евгений Панежин,Наследие Маозари 2,Наследие Маозари,Евгений,Панежин,73.476158,32.662289
150126,Мир 404,Илья Крымский,"Мир приключений, 1957 (№3)",Альманах «Мир приключений»,Илья,Зверев,5.439599,5.429845
728183,Проект Re. Том 3,Emory Faded,Проект Re: Четвертый том,Мир утраченных надежд,Emory,Faded,7.804012,49.756573
728183,Проект Re. Том 4,Emory Faded,Проект Re: Четвертый том,Мир утраченных надежд,Emory,Faded,7.804012,49.756573
619920,Не та прокачка 3,Максим Смогов,Не та прокачка 2,Астральное безумие,Максим,Смогов,27.040218,32.986961
150126,Мир 404,Илья Крымский,"Мир приключений, 1957 (№3)",Альманах «Мир приключений»,Илья,Зверев,5.439599,5.429845
750959,Ярар. Начало,Тимофей Грехов,Ярар. Начало,Ярар,Тимофей,Грехов,57.416058,33.288498
687419,Архонты,Гордей Климов,Архонты,Архонты,Гордей,Климов,57.805168,43.783096
687419,Архонты 2,Гордей Климов,Архонты,Архонты,Гордей,Климов,57.805168,43.783096
314134,Интриган. Новый Петербург,Сергей Чехин,Петербург экскурсионный. Рекомендации по проведению экскурсий,Петербург экскурсионный,Сергей,Шишков,23.794729,2.531949
619920,Не та прокачка 3,Максим Смогов,Не та прокачка 2,Астральное безумие,Максим,Смогов,27.040218,32.986961
725501,Коллекционер душ. Книга 5,Михаил Липарк,Коллекционер душ. Книга 1,"Короче, я попал!",Михаил,Липарк,28.560061,23.756477
726037,Наследник Бога. Книга I,Валерий Лашманов,Наследник Бога. Книга I,Наследник Бога,Валерий,Лашманов,38.672169,26.697657
687419,Архонты 2,Гордей Климов,Архонты,Архонты,Гордей,Климов,57.805168,43.783096
681608,Крылья Мальгуса. Ступень первая,Инди Видум,Ступень первая,Крылья Мальгуса,Инди,Видум,53.522221,46.697304
546604,Дарксайдерс. Заговор чёрных слуг,Дмитрий Коваленко,ЦРУ протв Индии. Заговор американского империализма,"Империализм: события, факты, документы",Дмитрий,Великий,10.577199,3.54465
658747,Космическая сага. Альфа Центавра. Книга вторая,Дмитрий Найденов,Альфа Центавра,Космическая сага [Найденов],Дмитрий,Найденов,49.051899,20.626951
709142,Сиреневая госпожа поместья Лундун. Том 1,Ксения Винтер,Сиреневая госпожа поместья Лундун,Сиреневая госпожа поместья Лундун,Ксения,Винтер,181.740021,23.810062
532431,Дракон для девушки. От ненависти до вечной любви,Руслан Ушаков,Белый лебедь и Небесный дракон (СИ),Мортенвальд,Руслан,Локтев,7.403699,8.578773
635880,Тейлитэ-2. Меч Баа Ци,Алексей Тырышкин,Меч Баа Ци,Тейлитэ,Алексей,Тырышкин,68.818878,29.155603
491912,Рунное наследие 2. Кровная месть,Денис Мамонов,Право на месть,Вселенная «Метро 2033»,Денис,Шабалов,8.023992,8.048775
699883,Смертник из рода Валевских. Книга 4,Василий Маханенко,Смертник из рода Валевских #01,Смертник из рода Валевских,Василий,Маханенко,99.631706,19.306141
571283,Камень,Станислав Минин,Камень. Книга 2,Камень,Станислав,Минин,18.161657,23.96867
722490,Ушедшие. Родовые земли. Книга третья,Дмитрий Найденов,Родовые земли,Ушедшие,Дмитрий,Найденов,59.030502,20.626951
555650,Берсерк забытого клана. Архидемоны и маги,Алекс Нагорный,Архидемоны и маги,Берсерк забытого клана,Алекс,Нагорный,78.776894,22.410038
626197,Якудза из другого мира,Алексей Калинин,Якудза из другого мира. Том II,Якудза из другого мира,Алексей,Калинин,71.486389,15.845385
626197,Якудза из другого мира 2,Алексей Калинин,Якудза из другого мира. Том II,Якудза из другого мира,Алексей,Калинин,71.486389,15.845385
709476,Ушедшие. Пограничная зона. Книга четвёртая,Дмитрий Найденов,Пограничная зона,Ушедшие,Дмитрий,Найденов,44.191975,20.626951
726037,Наследник Бога. Книга II,Валерий Лашманов,Наследник Бога. Книга I,Наследник Бога,Валерий,Лашманов,38.672169,26.697657
726037,Наследник Бога. Книга I,Валерий Лашманов,Наследник Бога. Книга I,Наследник Бога,Валерий,Лашманов,38.672169,26.697657
621758,Кальдур Живой Доспех,Рост Толбери,Кальдур Живой Доспех,Кальдур Живой Доспех,Рост,Толбери,106.30127,41.749634
421197,Киберклан 90.200.10. Книга 1: Сабаи,Дмитрий Чадов,Школа жизни. Честная книга: любовь — друзья — учителя — жесть,Народная книга,Дмитрий,Быков,5.001748,3.54465
619920,Не та прокачка,Максим Смогов,Не та прокачка 2,Астральное безумие,Максим,Смогов,27.040218,32.986961
679388,Легенда о драгниле и Сладкой Жрице,Инна Федералова,Сласти-мордасти. Потрясающие истории любви и восхитительные рецепты сладкой выпечки,Есть. Читать. Любить,Инна,Метельская-Шереметьева,21.141247,9.155854
731898,Монстр (не)ищет любовь,Инна Федералова,"Любовь — не боль. Здоровая любовь к себе, партнеру, родителям и детям",Психология для жизни,Инна,Литвиненко,8.166914,9.155854
382915,Драгнил Тиша. Грязная история,Инна Федералова,Ева. История тетушки Исси (СИ),Ева,Инна,Георгиева,2.945655,9.155854
699883,Смертник из рода Валевских. Книга 1,Василий Маханенко,Смертник из рода Валевских #01,Смертник из рода Валевских,Василий,Маханенко,99.631706,19.306141
731898,Монстр (не)ищет любовь,Инна Федералова,"Любовь — не боль. Здоровая любовь к себе, партнеру, родителям и детям",Психология для жизни,Инна,Литвиненко,8.166914,9.155854
682151,Возрождение Феникса. Книга 1,Григорий Володин,Возрождение Феникса. Том 2,Возрождение Феникса,Григорий,Володин,47.133778,23.516369
202317,Цветок для неверной,Инна Федералова,"Ведьма для царевича, или От прошлого не убежишь",Ведьма для царевича или от прошлого не убежишь,Инна,Георгиева,4.972201,9.155854
679388,Драгнилы. Культ Сладкой жрицы,Инна Федералова,Сласти-мордасти. Потрясающие истории любви и восхитительные рецепты сладкой выпечки,Есть. Читать. Любить,Инна,Метельская-Шереметьева,21.141247,9.155854
504228,Самый быстрый,Сергей Савинов,Быстрый испанский,Быстрый испанский,Сергей,Матвеев,37.57959,2.531949
748112,Истинный князь,Дмитрий Шелег,Истинный князь,Фантастический боевик,Дмитрий,Шелег,23.771366,18.37537
679388,Легенда о драгниле и Сладкой Жрице,Инна Федералова,Сласти-мордасти. Потрясающие истории любви и восхитительные рецепты сладкой выпечки,Есть. Читать. Любить,Инна,Метельская-Шереметьева,21.141247,9.155854
619578,Перст судьбы,Александр Федотов,Перст судьбы,Попаданцы - ЛФР,Александр,Федотов,23.714174,14.293303
706396,Соболев. Пробуждение дара,Аристарх Риддер,Пробуждение Дара,Соболев,Аристарх,Риддер,55.763538,32.252617
,,,,,,,,
,,,,,,,,
,,,,,,,,
,,,,,,,,
,,,,,,,,
750284,Волков. Гимназия №6,Валерий Пылаев,Гимназия №6,Волков (Пылаев),Валерий,Пылаев,36.166714,23.373566